NOC,Medal_count,Gold_count,Silver_count,Bronze_count
USA,2544,1035,802,707
URS,1005,394,317,294
GBR,892,278,316,298
GER,776,233,261,282
FRA,770,233,255,282
ITA,608,219,191,198
CHN,542,227,162,153
SWE,513,150,175,188
AUS,506,147,167,192
HUN,504,178,154,172
RUS,460,153,143,164
JPN,437,142,134,161
GDR,409,153,129,127
FIN,310,104,86,120
CAN,305,64,104,137
